Classical PINN,2,2,0.0012961180182173848,0.00032282713800668716,5.156479892320931e-05,0.0016705099260434508,0.04365715757012367,109.45619916915894,8577
Hybrid QAPINN,2,2,0.000537499669007957,3.7236710340948775e-05,0.00012006654287688434,0.000694802962243557,0.038602281361818314,425.25048995018005,1197
Classical PINN,3,2,7.884910155553371e-05,4.7624642320442945e-05,2.867873445211444e-05,0.00015515249106101692,0.021015450358390808,127.04964590072632,8577
Hybrid QAPINN,3,2,0.0010172079782932997,0.00024256591859739274,6.404909072443843e-05,0.0013238228857517242,0.03378498554229736,2111.381331682205,1235
Classical PINN,4,2,0.0012381721753627062,0.0016615374479442835,0.0007811306277289987,0.0036808401346206665,0.013812573626637459,0.0002742722863331437,0.10055377334356308,114.22236108779907,8577
Hybrid QAPINN,4,2,0.007159578613936901,0.011745692230761051,0.010280500166118145,0.029185771942138672,0.03619862347841263,0.002160792937502265,0.28223705291748047,1122.2162990570068,1273
Classical PINN,-,-,9.36420910875313e-05,6.5648750933178235e-06,5.501462055690354e-06,0.00010570843005552888,0.000988175394013524,1.466595676902216e-06,0.007665673736482859,155.07406640052795,8577
Hybrid QAPINN (2Q),2,2,0.01293625682592392,0.027288924902677536,0.019838687032461166,0.06006386876106262,0.04360723868012428,0.004046414978802204,0.40265241265296936,499.9277718067169,1197
Hybrid QAPINN (3Q),3,2,0.0040228101424872875,0.04087001085281372,0.044245511293411255,0.08913832902908325,0.08380379527807236,0.009601547382771969,0.6202484369277954,885.6558072566986,1235
Hybrid QAPINN (4Q),4,2,0.0053296457044780254,0.0505332313477993,0.03105861321091652,0.08692149072885513,0.08263882994651794,0.009396729990839958,0.6135973334312439,1254.0798058509827,1273
